"1N4733A","NXP Semiconductors","1290","pcs","20+","0.16","New and original, L/T: 2-3 weeks","1N4733A"
"1N4740A","LGE","1290","pcs","21+","0.15","New and original, in stock","1N4740A"
"1N4743A","NXP Semiconductors","1290","pcs","21+","0.07","New and original, in stock","1N4743A,113"
"1N4745A","NXP Semiconductors","1290","pcs","20+","0.17","New and original, L/T: 2-3 weeks","1N4745A,113"
"74HC132D","NXP Semiconductors","1290","pcs","21+","0.12","New and original, in stock","74HC132D,653"
"AD8061ARTZ-REEL7","Analog Devices","3000","pcs","21+","1.09","New and original, in stock","AD8061ARTZ-REEL7"
"ADF4110BRUZ","Analog Devices","1000","pcs","22+","9.42","New and original, in stock","ADF4110BRUZ-RL7"
"ADM232LAR","Analog Devices","3000","pcs","23+","3.91","New and original, in stock","ADM232LARZ-REEL"
"AG203-63G","Qorvo","6000","pcs","23+","1.28","New and original, in stock","AG203-63G"
"BAS21","NXP Semiconductors","16800","pcs","21+","0.09","New and original, in stock","BAS21,215"
"BAS321","NXP Semiconductors","50400","pcs","21+","0.09","New and original, in stock","BAS321"
"BAT54C","NXP Semiconductors","46095","pcs","22+","0.01","New and original, in stock","BAT54C,215"
"BB535","Infineon Technologies","13200","pcs","21+","0.07","New and original, in stock","BB535E7904"
"BC807","NXP Semiconductors","1290","pcs","21+","0.02","New and original, in stock","BC807"
"BFR540","NXP Semiconductors","3000","pcs","20+","0.36","New and original, in stock","BFR540"
"BLF3G21-30","Ampleon","500","pcs","23+","172.86","New and original, L/T: 2-3 weeks","BLF3G21-30"
"BLF6G21-10G","Ampleon","1290","pcs","19+","69.57","New and original, in stock","BLF6G21-10G"
"BYS10-45","Vishay","2580","pcs","21+","0.07","New and original, in stock","BYS10-45-E3/TR"
"BZX84-B2V4","NXP Semiconductors","13800","pcs","21+","0.02","New and original, in stock","BZX84-B2V4"
"BZX84-B5V6","NXP Semiconductors","69000","pcs","21+","0.01","New and original, in stock","BZX84-B5V6"
"BZX84-C3V3","NXP Semiconductors","17580","pcs","22+","0.02","New and original, in stock","BZX84-C3V3"
"BZX84-C6V8","NXP Semiconductors","13050","pcs","22+","0.02","New and original, in stock","BZX84-C6V8"
"D1008UK","Semelab","225","pcs","21+","701.01","New and original, in stock","D1008UK"
"DS1337U","MAXIM","1200","pcs","21+","0.51","New and original, in stock","DS1337U+T&R"
"DS32KHZSN","MAXIM","1200","pcs","21+","7.68","New and original, in stock","DS32KHZSN+T&R"
"DTC114EKA","Rohm","14190","pcs","21+","0.02","New and original, in stock","DTC114EKAT146"
"HMC230MS8","Analog Devices","1290","pcs","15+","1.59","New and original, in stock","HMC230MS8ETR"
"HMC391LP4","Analog Devices","1290","pcs","21+","14.93","New and original, in stock","HMC391LP4E"
"IR2153S/PBF","Infineon Technologies","5000","pcs","22+","1.01","New and original, in stock","IR2153STRPBF"
"IR4427S","Infineon/IR","3870","pcs","21+","0.44","New and original, in stock","IR4427STRPBF"
"IRF540","Infineon/IR","12000","pcs","21+","0.23","New and original, in stock","IRF540NPBF"
"IRF7607TR/PBF","Infineon/IR","22500","pcs","13+","0.32","New and original, in stock","IRF7607TRPBF"
"IRL6372/PBF","Infineon Technologies","1500","pcs","21+","0.51","New and original, in stock","IRL6372TRPBF"
"IRLML2502TR/PBF","Infineon/IR","17550","pcs","22+","0.07","New and original, in stock","IRLML2502TRPBF"
"IRLML2803","Infineon/IR","6450","pcs","21+","0.09","New and original, in stock","IRLML2803TRPBF"
"IRLML6402","Infineon/IR","1200","pcs","21+","0.09","New and original, in stock","IRLML6402TRPBF"
"IRLML6402/PBF","Infineon/IR","750","pcs","21+","0.12","New and original, in stock","IRLML6402TRPBF"
"KSE350","ON","30000","pcs","20+","0.64","New and original, in stock","KSE350STU"
"L4931CD33","STMicroelectronics","1200","pcs","17+","0.94","New and original, in stock","L4931CD33-TR"
"LAN8710AI-EZK","Microchip","15000","pcs","21+","0.94","New and original, in stock","LAN8710AI-EZK-TR"
"LC03-6","Semtech","5160","pcs","21+","0.57","New and original, in stock","LC03-6.TBT"
"LC03-6TBT","Semtech","2100","pcs","21+","0.65","New and original, in stock","LC03-6.TBT"
"LM111J-8","Texas Instruments","881","pcs","21+","10.87","New and original, in stock","LM111J-8"
"LM2576S-5.0/NOPB","Texas Instruments","10470","pcs","22+","1.01","New and original, in stock","LM2576SX-5.0/NOPB"
"LM2664M6","Texas Instruments","1290","pcs","22+","0.43","New and original, in stock","LM2664M6X/NOPB"
"LM2671M-ADJ","Texas Instruments","2580","pcs","23+","2.17","New and original, in stock","LM2671M-ADJ/NOPB"
"LM2678S-12/NOPB","Texas Instruments","1290","pcs","21+","3.33","New and original, in stock","LM2678SX-12/NOPB"
"LM2903D","ON Semiconductor","9000","pcs","21+","0.14","New and original, in stock","LM2903DR2G"
"LM2903DG","ON Semiconductor","1600","pcs","15+","0.36","New and original, in stock","LM2903DG"
"LM57BISD-5","Texas Instruments","2770","pcs","21+","1.36","New and original, in stock","LM57BISD-5/NOPB"
"LM6211MF","Texas Instruments","4980","pcs","21+","1.88","New and original, in stock","LM6211MF/NOPB"
"LMV321M5","Texas Instruments","2580","pcs","21+","0.43","New and original, in stock","LMV321M5X/NOPB"
"LMX2470SLEX","Texas Instruments","600","pcs","15+","2.32","New and original, in stock","LMX2470SLEX"
"LP2951ACM","Texas Instruments","9960","pcs","21+","1.09","New and original, in stock","LP2951ACMX/NOPB"
"LP2951ACM/NOPB","Texas Instruments","13000","pcs","21+","1.09","New and original, in stock","LP2951ACMX/NOPB"
"LP2951ACM-3.0/NOPB","Texas Instruments","16050","pcs","21+","1.86","New and original, in stock","LP2951ACMX-3.0/NOPB"
"LP2951ACM-3.3","Texas Instruments","2400","pcs","21+","0.79","New and original, in stock","LP2951ACM-3.3/NOPB"
"LP2951CD","ON Semiconductor","1200","pcs","21+","0.32","New and original, in stock","LP2951CDR2G"
"LP2981IM5-3.3","Texas Instruments","1290","pcs","21+","0.64","New and original, in stock","LP2981IM5X-3.3/NOPB"
"LP2981IM5-5.0","Texas Instruments","6450","pcs","21+","0.57","New and original, in stock","LP2981IM5-5.0/NOPB"
"LP2982AIM5-3.0/NOPB","Texas Instruments","1000","pcs","13+","1.00","New and original, L/T: 2-3 weeks","LP2982AIM5-3.0/NOPB"
"LP2985IM5-2.5","Texas Instruments","1200","pcs","21+","0.41","New and original, in stock","LP2985IM5-2.5/NOPB"
"LP2985IM5-3.3","Texas Instruments","1200","pcs","21+","0.33","New and original, in stock","LP2985IM5X-3.3/NOPB"
"MA4P504-1072T","M/A-Com","3000","pcs","21+","3.48","New and original, in stock","MA4P504-1072T"
"MASWSS0161","M/A-Com","1290","pcs","21+","9.99","New and original, in stock","MASWSS0161TR"
"MASWSS0180","M/A-Com","3672","pcs","21+","3.19","New and original, in stock","MASWSS0180TR-3000"
"MAX3237EAI","Maxim","2500","pcs","22+","5.22","New and original, in stock","MAX3237EAI+T"
"MAX4427ESA","Maxim","1500","pcs","22+","3.29","New and original, in stock","MAX4427ESA+T"
"MB4S","ON Semiconductor","1800","pcs","20+","0.29","New and original, in stock","MB4S"
"MBC13916NT1","NXP Semiconductors","1200","pcs","17+","4.29","New and original, in stock","MBC13916NT1"
"MBR0540","ON Semiconductor","1290","pcs","21+","0.15","New and original, in stock","MBR0540T1G"
"MBRS340T3G","ON Semiconductor","2500","pcs","21+","0.58","New and original, in stock","MBRS340T3G"
"MC14052BD","ON Semiconductor","1200","pcs","20+","0.64","New and original, in stock","MC14052BDTR2G"
"MC14053BD","ON Semiconductor","1200","pcs","21+","0.15","New and original, in stock","MC14053BDR2G"
"MC78L05ABDR2G","ON Semiconductor","16800","pcs","22+","0.14","New and original, in stock","MC78L05ABDR2G"
"NC7WZ14P6","ON Semiconductor","3870","pcs","22+","0.08","New and original, in stock","NC7WZ14P6X"
"NC7WZ14P6X","ON Semiconductor","4080","pcs","22+","0.07","New and original, in stock","NC7WZ14P6X"
"NC7WZ16P6","ON Semiconductor","9030","pcs","22+","0.13","New and original, in stock","NC7WZ16P6X"
"NC7WZ16P6X","ON Semiconductor","2580","pcs","23+","0.15","New and original, in stock","NC7WZ16P6X"
"PD55003","STMicroelectronics","1000","pcs","22+","35.71","New and original, in stock","PD55003-E"
"PD55015","STMicroelectronics","1000","pcs","23+","52.17","New and original, in stock","PD55015-E"
"PD85035E","STMicroelectronics","2400","pcs","21+","29.29","New and original, in stock","PD85035STR1-E"
"PMBT4403","NXP Semiconductors","13800","pcs","21+","0.01","New and original, in stock","PMBT4403"
"PMBTA42","NXP Semiconductors","32100","pcs","21+","0.03","New and original, in stock","PMBTA42"
"SMBYT01","STMicroelectronics","1730","pcs","15+","0.15","New and original, in stock","SMBYT01-400"
"SMP100LC-160","STMicroelectronics","6300","pcs","20+","1.58","New and original, in stock","SMP100LC-160"
"SN65LVDT2DBVT","Texas Instruments","3000","pcs","22+","3.14","New and original, in stock","SN65LVDT2DBVR"
"SN74LVC16T245DGGR","Texas Instruments","20000","pcs","22+","1.02","New and original, in stock","SN74LVC16T245DGGR"
"SN74LVC1G139DCUX","Texas Instruments","16800","pcs","21+","0.22","New and original, in stock","SN74LVC1G139DCUR"
"TC620CVOA","Microchip","400","pcs","22+","2.61","New and original, in stock","TC620CVOA"
"TDA8541G-S08-R","NXP Semiconductors","2518","pcs","21+","1.00","New and original, L/T: 2-3 weeks","TDA8541G-S08-R"
"THS4221DGKX","Texas Instruments","500","pcs","19+","2.17","New and original, in stock","THS4221DGKR"
"TPS62262DRVX","Texas Instruments","16800","pcs","21+","0.61","New and original, in stock","TPS62262DRVR"
"TPS72101DBVT","Texas Instruments","2250","pcs","20+","0.99","New and original, L/T: 2-3 weeks","TPS72101DBVR"
"TPS76350DBVT","Texas Instruments","2400","pcs","22+","0.43","New and original, in stock","TPS76350DBVR"
"TPS78633DCQ","Texas Instruments","1500","pcs","21+","1.16","New and original, in stock","TPS78633DCQ"
"VS-10BQ030-M3","Vishay","17800","pcs","21+","0.09","New and original, in stock","VS-10BQ030-M3/5BT"
"VS-10BQ040-M3","Vishay","33600","pcs","21+","0.07","New and original, in stock","VS-10BQ040-M3/5BT"
"VS-MUR2020CT/PbF","Vishay","17850","pcs","23+","0.49","New and original, in stock","VS-MUR2020CT-M3"
"XC2C384-10TQG144I","Xilinx","2900","pcs","21+","264.29","New and original, in stock","XC2C384-10TQG144I"
"XCR3256XL-10TQG144I","Xilinx","2000","pcs","22+","32.42","New and original, in stock","XCR3256XL-10TQG144I"
"AL8860WT-7","DIODES","5000","pcs","21+","0.13","New and original, in stock",""
"ATTINY13A-SSU","MICROCHIP","1000","pcs","21+","0.55","New and original, in stock",""
"MC79L05ACPG　","ON","5000","pcs","22+","0.11","New and original, in stock",""
"LNK304GN-TL","POWER","3000","pcs","22+","0.39","New and original, in stock",""
"S3M","ON","100000","pcs","21+","0.14","New and original, L/T: 2-3 weeks",""
"CY1Y-2N2　","SR PASSIVES","2000","pcs","20+","0.10","New and original, L/T: 2-3 weeks",""
"24LC512-I/SN","MICROCHIP","500","pcs","21+","0.67","New and original, in stock",""
"STM32F051C8T6","ST","350","pcs","21+","0.71","New and original, in stock",""
"STM32F072RBT6","ST","150","pcs","21+","0.97","New and original, in stock",""
"MC33063ADR　","TI","500","pcs","21+","0.14","New and original, in stock",""
"L78L05ACD13TR","ST","350","pcs","21+","0.04","New and original, in stock",""
"ST485BDR","ST","500","pcs","21+","0.40","New and original, in stock",""
"74HC4052PW","NXP","1000","pcs","21+","0.07","New and original, in stock",""
"MCP6062-E/SN","MICROCHIP","500","pcs","21+","0.57","New and original, in stock",""
"STM32F030F4P6","ST","500","pcs","21+","0.27","New and original, in stock",""
"ADUM1201ARWZ","ADI","350","pcs","21+","0.60","New and original, in stock",""
"PC3H7BJ0001H","SHARP","750","pcs","20+","0.20","New and original, in stock",""
"REF3033AIDBZR","TI","450","pcs","21+","0.20","New and original, in stock",""
"74HC4051PW","NXP","150","pcs","21+","0.09","New and original, in stock",""
"ULN2003ADR","TI","150","pcs","21+","0.07","New and original, in stock",""
"TL431IDBZR","TI","130","pcs","21+","0.07","New and original, in stock",""
"L5972D013TR","ST","30","pcs","21+","0.82","New and original, in stock",""
"MCP6H02-E/SN","MICROCHIP","30","pcs","21+","0.92","New and original, in stock",""
"AP2205-50W5-7","DIODES","30","pcs","20+","0.20","New and original, in stock",""
"5204","Keystone","10","pcs","20+","0.25","New and original, L/T: 2-3 weeks",""
"5226","Keystone","10","pcs","20+","0.25","New and original, L/T: 2-3 weeks",""
"5214","Keystone","10","pcs","20+","0.50","New and original, L/T: 2-3 weeks",""
"PIC16F18456-I/SO","Microchip","200","pcs","20+","1.83","New and original, L/T: 2-3 weeks",""
"MF60251V1-1000U-G99","Sunon Fans","50","pcs","20+","10.43","New and original, L/T: 2-3 weeks",""
"IATY-5","wogefuse","4000","pcs","22+","0.03","New and original, in stock",""
"IATY-7.5","wogefuse","2000","pcs","22+","0.03","New and original, in stock",""
"IATY-10","wogefuse","2500","pcs","22+","0.03","New and original, in stock",""
"IATY-15","wogefuse","8500","pcs","22+","0.03","New and original, in stock",""
"IATY-20","wogefuse","9500","pcs","22+","0.03","New and original, in stock",""
"IATY-25","wogefuse","4000","pcs","22+","0.03","New and original, in stock",""
"IATY-30","wogefuse","5000","pcs","22+","0.03","New and original, in stock",""
"FKP1Y014706B00JSSD","WIMA","1200","pcs","20+","1.55","New and original, L/T: 2-3 weeks",""
"KTD500B105M32A0T00","Chemi-Con","1000","pcs","20+","0.91","New and original, L/T: 2-3 weeks",""
"KTD500B106M55A0T00","Chemi-Con","1000","pcs","20+","0.51","New and original, L/T: 2-3 weeks",""
"MKP4O141007E00KSSD","WIMA","4000","pcs","20+","2.43","New and original, L/T: 2-3 weeks",""
"09670029007","HARTING","620","pcs","20+","1.65","New and original, L/T: 2-3 weeks",""
"TAJE476K035RNJ","AVX","10944","pcs","22+","0.60","New and original, in stock",""
"SIR422DP-T1-GE3","VISHAY","2112","pcs","21+","0.38","in stock",""
"BC856B","DIODES","1056","pcs","21+","0.04","in stock",""
"BDL-110-G-F","SAMTEC","128","pcs","20+","11.15","New and original, L/T: 2-3 weeks",""
"QSE-020-01-L-D-A-K","SAMTEC","900","pcs","22+","2.94","in stock",""
"QSE-040-01-L-D-A-K","SAMTEC","1,500","pcs","22+","4.41","in stock",""
"QSE-060-01-L-D-A-K","SAMTEC","300","pcs","22+","5.15","in stock",""
"BAT54A","NEXPERIA","1,500","pcs","22+","0.025","in stock",""
"BAT54S","NEXPERIA","2,100","pcs","21+","0.024","in stock",""
"BLM21PG600SN1D","MURATA","900","pcs","21+","0.04","in stock",""
"IHLP2020CZER220M11","VISHAY","300","pcs","22+","0.42","in stock",""
"IHLP2020CZER5R6M11","VISHAY","1,200","pcs","20+","0.93","New and original, L/T: 2-3 weeks",""
"MPZ1608S221ATA00","TDK","26,700","pcs","21+","0.02","in stock",""
"GRM033R60J104KE19D","MURATA","2,400","pcs","21+","0.0081","in stock",""
"GRM155R61A104KA01D","MURATA","295,800","pcs","21+","0.0033","in stock",""
"GRM155R61A224KE19D","MURATA","41,100","pcs","19+","0.0056","in stock",""
"GRM155R71E103KA01D","MURATA","59,000","pcs","21+","0.0034","in stock",""
"GRM155R71E223KA61D","MURATA","300","pcs","20+","0.14","New and original, L/T: 2-3 weeks",""
"GRM155R61E104KA87D","MURATA","34,800","pcs","21+","0.0036","in stock",""
"GRM1555C1H102JA01D","MURATA","8,100","pcs","21+","0.0079","in stock",""
"GRM1555C1H101JA01J","MURATA","2,100","pcs","20+","0.035","New and original, L/T: 2-3 weeks",""
"GRM1555C1H100JA01D","MURATA","1,500","pcs","21+","0.023","in stock",""
"GRM1555C1H221JA01D","MURATA","300","pcs","22+","0.017","in stock",""
"GRM1555C1H270JA01D","MURATA","300","pcs","22+","0.017","in stock",""
"GRM155R71H332KA01D","MURATA","1,200","pcs","22+","0.014","in stock",""
"GRM1555C1H331JA01D","MURATA","300","pcs","22+","0.017","in stock",""
"GRM1555C1H471JA01D","MURATA","3,300","pcs","22+","0.0079","in stock",""
"GRM1555C1H561JA01D","MURATA","18,900","pcs","20+","0.017","New and original, L/T: 2-3 weeks",""
"GRM1555C1H8R2CA01D","MURATA","2,700","pcs","21+","0.01","in stock",""
"GRM155R60J105KE19D","MURATA","3,000","pcs","22+","0.0083","in stock",""
"1054500101","MOLEX","50","pcs","21+","0.4300","in stock",""
"RC0603JR-071KL","YAGEO","50","pcs","23+","0.1500","in stock",""
"RC0603JR-0710KL","YAGEO","300","pcs","22+","0.0150","in stock",""
"RC0603FR-0722RL","YAGEO","250","pcs","21+","0.0230","in stock",""
"RC0603FR-07510RL","YAGEO","200","pcs","21+","0.0230","in stock",""
"RC0603FR-07270RL","YAGEO","50","pcs","21+","0.0300","in stock",""
"RC0603JR-0751RL","YAGEO","250","pcs","21+","0.0230","in stock",""
"RC0603JR-075K6L","YAGEO","100","pcs","22+","0.0300","in stock",""
"RC0603JR-074K7L","YAGEO","150","pcs","21+","0.0300","in stock",""
"RC0603JR-0747KL","YAGEO","100","pcs","22+","0.0300","in stock",""
"RC0603JR-07470RL","YAGEO","100","pcs","22+","0.0230","in stock",""
"RC0603FR-071RL","YAGEO","200","pcs","21+","0.0300","in stock",""
"RC0603JR-072K2L","YAGEO","50","pcs","21+","0.0300","in stock",""
"RC0603JR-07300RL","YAGEO","100","pcs","21+","0.0470","in stock",""
"RC0603FR-078K2L","YAGEO","100","pcs","22+","0.0300","in stock",""
"RC0603FR-076K04L","YAGEO","100","pcs","21+","0.0300","in stock",""
"RC0805FR-07100RL","YAGEO","50","pcs","21+","0.0430","in stock",""
"RC0805FR-070RL","YAGEO","200","pcs","22+","0.0310","in stock",""
"CC0603KRX7R6BB105","YAGEO","50","pcs","21+","0.1400","in stock",""
"06035A220JAT2A","Kyocera AVX","150","pcs","21+","0.0460","in stock",""
"CC0603KRX7R9BB473","YAGEO","550","pcs","21+","0.0300","in stock",""
"GRM188Z71A106KA73D","MURATA","50","pcs","22+","0.1350","in stock",""
"CC0603JRNPO9BN103","YAGEO","100","pcs","21+","0.0460","1 week",""
"CC0805KKX7R5BB106","YAGEO","450","pcs","21+","0.2000","1 week",""
"88E1111-B2-BAB2I000","Marvell Technology","1","pcs","21+","10.2000","in stock",""
"4400-089LF","Tusonix / CTS","45","pcs","20+","40.7000","3 weeks",""
"LTM8064IY#PBF","Analog Devices / Linear Technology","50","pcs","21+","32.3700","in stock",""
"BDL-110-G-F","SAMTEC","128","pcs","20+","11.1500","3 weeks",""
"QSE-020-01-L-D-A-K","SAMTEC","900","pcs","22+","2.9400","in stock","QSE-020-01-L-D-A-K-TR"
"QSE-040-01-L-D-A-K","SAMTEC","1,500","pcs","22+","4.4100","in stock","QSE-040-01-L-D-A-K-TR"
"QSE-060-01-L-D-A-K","SAMTEC","300","pcs","22+","5.1500","in stock","QSE-060-01-L-D-A-K-TR"
"BAT54A","NEXPERIA","1,500","pcs","22+","0.0250","in stock","BAT54A,215"
"BAT54S","NEXPERIA","2,100","pcs","21+","0.0240","in stock","BAT54S,215"
"BLM21PG600SN1D","MURATA","900","pcs","21+","0.0400","in stock",""
"IHLP2020CZER220M11","VISHAY","300","pcs","22+","0.4200","in stock",""
"IHLP2020CZER5R6M11","VISHAY","1,200","pcs","20+","0.9300","3 weeks",""
"MPZ1608S221ATA00","TDK","26,700","pcs","21+","0.0200","in stock",""
"GRM033R60J104KE19D","MURATA","2,400","pcs","21+","0.0081","in stock",""
"GRM155R61A104KA01D","MURATA","295,800","pcs","21+","0.0033","in stock",""
"GRM155R61A224KE19D","MURATA","41,100","pcs","19+","0.0056","in stock",""
"GRM155R71E103KA01D","MURATA","59,000","pcs","21+","0.0034","in stock",""
"GRM155R71E223KA61D","MURATA","300","pcs","20+","0.1400","3 weeks",""
"GRM155R61E104KA87D","MURATA","34,800","pcs","21+","0.0036","in stock",""
"GRM1555C1H102JA01D","MURATA","8,100","pcs","21+","0.0079","in stock",""
"GRM1555C1H101JA01J","MURATA","2,100","pcs","20+","0.0350","3 weeks",""
"GRM1555C1H100JA01D","MURATA","1,500","pcs","21+","0.0230","in stock",""
"GRM1555C1H221JA01D","MURATA","300","pcs","22+","0.0170","in stock",""
"GRM1555C1H270JA01D","MURATA","300","pcs","22+","0.0170","in stock",""
"GRM155R71H332KA01D","MURATA","1,200","pcs","22+","0.0140","in stock",""
"GRM1555C1H331JA01D","MURATA","300","pcs","22+","0.0170","in stock",""
"GRM1555C1H471JA01D","MURATA","3,300","pcs","22+","0.0079","in stock",""
"GRM1555C1H561JA01D","MURATA","18,900","pcs","20+","0.0170","3 weeks",""
"GRM1555C1H8R2CA01D","MURATA","2,700","pcs","21+","0.0100","in stock",""
"GRM155R60J105KE19D","MURATA","3,000","pcs","22+","0.0083","in stock",""
"GRM155R60J475ME47D","MURATA","40,200","pcs","21+","0.0057","in stock",""
"NFM18CC222R1C3D","MURATA","6,900","pcs","22+","0.0500","in stock",""
"GRM188R71E224KA88D","MURATA","5,100","pcs","21+","0.0137","in stock",""
"GRM188R71H103KA01D","MURATA","6,300","pcs","21+","0.0072","in stock",""
"GRM188R60J106ME47D","MURATA","24,000","pcs","21+","0.0086","in stock",""
"GRM21BR71A225KA01K","MURATA","19,690","pcs","20+","0.0590","3 weeks",""
"GRM21BR61C106KE15K","MURATA","600","pcs","21+","0.0370","in stock",""
"GRM21BR71C475KA73L","MURATA","6,600","pcs","21+","0.0200","in stock",""
"GRM21BR71H104KA01L","MURATA","2,400","pcs","21+","0.0140","in stock",""
"GRM31CR60J107ME39K","MURATA","40,200","pcs","20+","0.6200","3 weeks","GRM31CR60J107ME39L"
"GRM31CR60J476ME19K","MURATA","11,700","pcs","20+","0.1700","3 weeks",""
"GRM32ER61A476KE20L","MURATA","300","pcs","21+","0.2400","in stock",""
"GRM32ER61E226KE15L","MURATA","13,000","pcs","21+","0.1000","in stock",""
"GR442QR73D102KW01L","MURATA","6,300","pcs","21+","0.0670","in stock",""
"9FG108EFILF","RENESAS/ IDT","300","pcs","21+","5.6300","in stock","9FG108EFILFT"
"AT24C02C-SSHM-T","Microchip","300","pcs","21+","0.1330","in stock",""
"AT25320B-SSHL-T","ATMEL/Microchip","300","pcs","21+","0.6900","in stock",""
"DS3232SN#","Maxim","300","pcs","21+","2.5000","in stock","DS3232SN#T&R"
"M24M01-RMN6TP","ST Microelectronics","300","pcs","21+","0.3777","in stock",""
"MT29F4G08ABADAWP-IT:D","MICRON","300","pcs","21+","1.9500","in stock",""
"MT41K256M16TW-107 IT:P","MICRON","5,100","pcs","21+","1.3500","in stock",""
"S25FL127SABMFI101","CYPRESS","900","pcs","21+","2.0000","in stock",""
"S29GL01GS11TFI010","CYPRESS","600","pcs","21+","8.0900","in stock",""
"RCLAMP0504F.TCT","SEMTECH","600","pcs","21+","0.5300","in stock","RCLAMP0504F.TCT"
"CRCW04020000Z0ED","VISHAY","6,300","pcs","22+","0.0072","in stock","CRCW04020000Z0EDC"
"CRCW04021K00FKED","VISHAY","15,900","pcs","21+","0.0067","in stock",""
"CRCW04021R00FKED","VISHAY","900","pcs","20+","0.0700","3 weeks",""
"CRCW040210K0FKED","VISHAY","19,200","pcs","21+","0.0087","in stock",""
"CRCW040210R0FKED","VISHAY","3,000","pcs","21+","0.0087","in stock","CRCW040210R0FKED"
"CRCW0402100KFKED","VISHAY","1,500","pcs","21+","0.0129","in stock",""
"CRCW0402100RFKED","VISHAY","2,400","pcs","21+","0.0129","1 week",""
"CRCW0402140RFKED","VISHAY","1,500","pcs","21+","0.0200","in stock",""
"CRCW04022K00FKED","VISHAY","1,800","pcs","21+","0.0200","in stock",""
"CRCW0402200RFKED","VISHAY","600","pcs","20+","0.0540","3 weeks",""
"CRCW040233R0FKED","VISHAY","8,400","pcs","21+","0.0087","in stock",""
"CRCW0402330RFKED","VISHAY","32,700","pcs","20+","0.0190","3 weeks",""
"CRCW040239R2FKED","VISHAY","9,000","pcs","21+","0.0114","in stock",""
"CRCW04024K70FKED","VISHAY","54,900","pcs","20+","0.0074","in stock",""
"CRCW04024K70JNED","VISHAY","300","pcs","21+","0.0300","in stock",""
"CRCW04024K99FKED","VISHAY","1,200","pcs","21+","0.0190","in stock",""
"CRCW04024R99FKED","VISHAY","4,800","pcs","21+","0.0200","in stock",""
"CRCW040245R3FKED","VISHAY","300","pcs","21+","0.0360","in stock",""
"CRCW0402475RFKED","VISHAY","6,000","pcs","20+","0.0490","3 weeks",""
"CRCW040249R9FKED","VISHAY","36,000","pcs","20+","0.0093","3 weeks",""
"CRCW04025R11FKED","VISHAY","1,800","pcs","20+","0.0540","3 weeks",""
"CRCW040259K0FKED","Vishay / Dale","600","pcs","21+","0.0290","in stock",""
"CRCW06031K50FKEA","VISHAY","900","pcs","20+","0.0200","in stock",""
"CRCW06031K69FKEA","VISHAY","900","pcs","21+","0.0300","in stock",""
"CRCW060310K0FKEA","VISHAY","1,800","pcs","20+","0.0190","in stock",""
"CRCW0603100KFKEA","VISHAY","1,200","pcs","21+","0.0200","in stock",""
"CRCW060313K3FKEA","VISHAY","300","pcs","21+","0.0470","in stock",""
"CRCW0603140KFKEA","VISHAY","300","pcs","20+","0.1600","3 weeks",""
"CRCW060315K0FKEA","VISHAY","2,100","pcs","22+","0.0130","in stock",""
"CRCW0603174RFKEA","VISHAY","600","pcs","20+","0.1600","3 weeks",""
"CRCW06032K20FKEA","VISHAY","1,200","pcs","22+","0.0170","in stock",""
"CRCW0603200KFKEA","VISHAY","600","pcs","20+","0.0800","3 weeks",""
"CRCW060322K1FKEA","VISHAY","300","pcs","19+","0.0190","in stock",""
"CRCW0603240RFKEA","VISHAY","5,100","pcs","22+","0.0114","1 week",""
"CRCW06033K00FKEA","VISHAY","1,500","pcs","21+","0.0200","in stock",""
"CRCW060330K1FKEA","VISHAY","800","pcs","21+","0.0200","in stock",""
"CRCW06034K30FKEA","VISHAY","100","pcs","21+","0.0570","in stock",""
"CRCW06034K70FKEA","VISHAY","2,100","pcs","22+","0.0110","in stock",""
"CRCW060340K2FKEA","VISHAY","1,200","pcs","21+","0.0190","1 week",""
"CRCW060349K9FKEA","VISHAY","2,100","pcs","21+","0.0240","in stock","CRCW060349K9FKEAC"
"CRCW06035K90FKEA","VISHAY","2,100","pcs","21+","0.0257","in stock",""
"CRCW06036K65FKEA","VISHAY","600","pcs","20+","0.0190","in stock",""
"CRCW060360K4FKEA","VISHAY","1,200","pcs","21+","0.0170","1 week",""
"CRCW060361K9FKEA","VISHAY","900","pcs","21+","0.0350","in stock",""
"CRCW060373K2FKEA","VISHAY","900","pcs","21+","0.0200","1 week",""
"CRCW060375R0FKEA","VISHAY","3,600","pcs","21+","0.0120","1 week",""
"CRCW06039K10FK","VISHAY","300","pcs","21+","0.0190","1 week",""
"CRCW060390K9FKEA","VISHAY","1,200","pcs","20+","0.0490","3 weeks",""
"CRCW080549R9FKEA","VISHAY","900","pcs","21+","0.0240","in stock","CRCW080549R9FKEAC"
"CRHV1206AF100MFKET","VISHAY","740","pcs","20+","1.1250","3 weeks",""
"QTE-020-01-L-D-A-K","SAMTEC","600","pcs","22+","3.2370","in stock","QTE-020-01-L-D-A-K-TR"
"QTE-040-01-L-D-A-K","SAMTEC","600","pcs","23+","5.0000","in stock",""
"QTE-040-03-L-D-A-K","SAMTEC","600","pcs","22+","7.3600","in stock","QTE-040-03-L-D-A-K-TR"
"QTE-060-05-L-D-A-K","SAMTEC","300","pcs","22+","21.2900","in stock",""
"SOLC-115-02-S-Q-LC","SAMTEC","97","pcs","20+","21.6400","3 weeks","QTE-040-01-L-D-A-K-TR"
"MMSZ4683T1G","ON Semiconductor / Fairchild","300","pcs","22+","0.0530","in stock",""
"MMSZ4686T1G","ON Semiconductor / Fairchild","300","pcs","22+","0.0600","in stock",""
"MMSZ4690T1G","ON Semiconductor / Fairchild","300","pcs","21+","0.0870","in stock",""
"IRLML2402TRPBF","Infineon Technologies","13,500","pcs","22+","0.0490","in stock",""
"MBT35200MT1G","ON Semiconductor / Fairchild","300","pcs","19+","0.1000","in stock",""
"MUN5214T1G","ON Semiconductor / Fairchild","5,400","pcs","21+","0.0770","in stock",""
"MABAES0060","Macom","5,700","pcs","21+","0.5550","in stock",""
"MABAES0061","Macom","300","pcs","22+","0.6000","in stock",""
"RBP-75+","Mini-Circuits","600","pcs","21+","20.6000","in stock",""
"NCP1396ADR2G","On Semiconductor","100","pcs","22+","0.6300","in stock",""
"TCA0372DW","On Semiconductor","250","pcs","21+","0.7500","in stock","TCA0372DWR2G"
"12101C225KAT4A","AVX","8,812","pcs","20+","0.2500","3 weeks(no single lot)",""
"1N4148WS","HOTTECH","100","pcs","21+","0.0490","in stock",""
"MMBT2222A","HOTTECH","100","pcs","21+","0.0550","in stock",""
"MPU-9250","InvenSense","10","pcs","20+","14.1100","in stock",""
"XL1509E-3.3","UMW","50","pcs","20+","0.3400","in stock",""
"XC6206P302MR","UMW","50","pcs","20+","0.1700","in stock",""
"XC6206P252MR","UMW","50","pcs","20+","0.1700","in stock",""
"BZX84C12","ON","100","pcs","21+","0.1500","in stock","BZX84C12LT1G"
"TMP36GT9Z","Analog Devices","300","pcs","22+","1.3650","in stock",""
"BAV70","nxp","600","pcs","22+","0.0400","in stock",""
"SM712","TECH PUB","3,600","pcs","21+","0.0340","in stock",""
"SMBJ5.0A-TR","ST","1,200","pcs","21+","0.1000","in stock",""
"PCMB063T-3R3MS","SUSUMU","1,500","pcs","20+","0.9800","3 weeks",""
"ADG3304BRUZ-REEL7","Analog Devices","300","pcs","22+","1.3700","in stock",""
"ADG3308BRUZ-REEL7","Analog Devices","1,500","pcs","21+","2.0250","in stock",""
"ADM2582EBRWZ","Analog Devices","3,600","pcs","22+","3.2370","in stock","ADM2582EBRWZ-REEL7"
"ADS6443IRGCT","Texas Instruments","320","pcs","21+","142.9000","in stock",""
"ADUM1402CRWZ","Analog Devices","300","pcs","21+","1.7700","in stock","ADUM1402CRWZ-RL"
"ADUM6402CRWZ","Analog Devices","300","pcs","21+","7.1400","in stock",""
"ADC124S021CIMM/NOPB","Texas Instruments","300","pcs","20+","2.3770","in stock",""
"ADF4350BCPZ-RL7","Analog Devices","300","pcs","21+","2.9500","in stock",""
"CDCLVD1204RGTR","Texas Instruments","900","pcs","21+","2.1900","in stock",""
"CDCLVD1213RGTR","Texas Instruments","900","pcs","21+","6.9900","in stock",""
"CDCV304PWR","Texas Instruments","300","pcs","21+","0.4200","in stock",""
"CDCE62005RGZT","Texas Instruments","600","pcs","22+","4.7100","in stock",""
"FT232RL-REEL","FTDI, Future Technology Devices International Ltd","300","pcs","22+","2.5300","in stock",""
"LM86CIM/NOPB","Texas Instruments","300","pcs","22+","1.8000","in stock",""
"LTC6902IMS","Analog Devices / Linear Technology","600","pcs","22+","5.1500","in stock","LTC6902IMS#TRPBF"
"LTM4622IY#PBF","Analog Devices / Linear Technology","600","pcs","21+","6.1200","in stock","LTM4622IY#PBF"
"LTM4637IY#PBF","Analog Devices / Linear Technology","300","pcs","21+","52.0000","in stock",""
"LTM4649IY#PBF","Analog Devices / Linear Technology","3,600","pcs","22+","16.1900","in stock",""
"LM5069MM-2/NOPB","Texas Instruments (National Semiconductor)","300","pcs","21+","0.7500","in stock",""
"SN74CBTLV3257PWR","Texas Instruments","300","pcs","21+","0.3400","in stock",""
"SN74LVC1G08DBVR","Texas Instruments","300","pcs","22+","0.0710","in stock",""
"SN74LVC1G86DBVR","Texas Instruments","900","pcs","21+","0.0740","in stock",""
"SN74LVCH16T245DGVR","Texas Instruments","1,800","pcs","22+","0.7800","in stock",""
"TPS3808G33QDBVRQ1","Texas Instruments","600","pcs","21+","0.5000","in stock",""
"TPS51200DRCT","Texas Instruments","1,500","pcs","21+","0.1700","in stock","TPS51200DRCR"
"TPS54620RGYT","Texas Instruments","1,500","pcs","22+","0.3600","in stock","TPS54620RGYR"
"TPS73601DBVR","Texas Instruments","600","pcs","21+","0.8900","in stock",""
"TPS74401RGWR","Texas Instruments","2,100","pcs","22+","0.3750","in stock",""
"TPS79633DCQR","Texas Instruments","600","pcs","22+","1.1250","in stock",""
"SN74ALVTH16373VR","Texas Instruments","300","pcs","20+","2.7900","3 weeks",""
"SN74CBTLV1G125DCKR","Texas Instruments","900","pcs","22+","0.1290","in stock",""
"GRM31CR60J107ME39L","MURATA","8,968","pcs","21+","0.054","in stock",""
"LTC4357MPMS8#PBF","Linear Technology/Analog Devices","576","pcs","22+","6.000","in stock",""
"1,5KE33A","ST","1,730","pcs","20+","0.170","in stock","1.5KE33A"
"ADL5536ARKZ","Analog Devices","1,400","pcs","22+","2.250","in stock","ADL5536ARKZ-R7"
"02016D105KAT2A","KYOCERA","1,825","pcs","20+","0.094","3 weeks",""
"MAX13085EESA+T","MAXIM","580","pcs","21+","0.370","in stock",""
"DS18B20","UMW","2,290","pcs","21+","0.350","in stock","DS18B20"
"88E3082-C1-BAR1I000","Marvell Technology","1,400","pcs","21+","17.660","in stock",""
"ADL5536ARKZ-R7","Analog Devices","8,400","pcs","21+","1.800","in stock",""
"ADM7171ACPZ-3.3-R7","Analog Devices","2,100","pcs","21+","1.030","in stock",""
"ADM7171ACPZ-R7","Analog Devices / Linear Technology","1,400","pcs","21+","1.030","in stock",""
"ADP3335ARMZ-3.3","Analog Devices","2,100","pcs","21+","1.780","in stock","ADP3335ARMZ-3.3-RL"
"AO3407","AOS","2,800","pcs","21+","0.110","in stock","AO3407A"
"BC846B","Nexperia USA Inc.","9,800","pcs","21+","0.012","in stock","BC846B,215"
"BC850B","Nexperia","7,000","pcs","21+","0.040","in stock",""
"BZX84-C7V5","Nexperia","4,200","pcs","21+","0.021","in stock","BZX84-C7V5,215"
"ES1AL","CJ","2,100","pcs","21+","0.029","in stock",""
"ADE-12+","Mini-Circuits","1,000","pcs","22+","8.090","in stock",""
"VS-10MQ100-M3","VISHAY","848","pcs","20+","0.070","in stock","VS-10MQ100-M3Z/I"
"TLP291(SE","TOSHIBA","8,232","pcs","21+","1.190","in stock",""
"SSC54-E3","VISHAY","1,550","pcs","21+","0.200","in stock","SSC54-E3/57T"
"MAX4172ESA+","Maxim Integrated Products","509","pcs","21+","0.600","in stock","MAX4172ESA+T"
"1SMA5920BT3G","On Semiconductor","1,344","pcs","22+","0.114","in stock",""
"TLP291-4(GB,E)","TOSHIBA","1,860","pcs","21+","0.310","in stock","TLP291-4(GB-TPE(T"
"BSC093N15NS5ATMA1","Infineon Technologies","1,046","pcs","21+","0.980","in stock","BSC093N15NS5"
"1N4148WS-7-F","DIODES","964","pcs","21+","0.030","in stock",""
"SRV05-4HTG","LITTELFUSE","560","pcs","21+","0.110","in stock",""
"SP3400-02UTG","LITTELFUSE","872","pcs","22+","0.120","in stock",""
"IKD15N60RATMA1","Infineon Technologies","576","pcs","20+","1.460","3 weeks",""
"CDSOD323-T12C","BOURNS","1,100","pcs","20+","0.093","in stock",""
"HMC860LP3E","Analog Devices / Hittite","2,100","pcs","21+","5.250","in stock","HMC860LP3ETR"
"HMC349ALP4CE","Analog Devices","1,400","pcs","21+","1.770","in stock","HMC349ALP4CETR"
"IS43TR16256B-125KBLI","ISSI","2,100","pcs","21+","4.710","in stock",""
"LAN8710AI-EZK","MICROCHIP","1,400","pcs","21+","0.855","in stock",""
"PE42427A-Z","Peregrine/ PSEMI","5,600","pcs","21+","0.750","in stock",""
"SN74HC595DR","Texas Instruments","12,600","pcs","22+","0.123","in stock",""
"SN74LV1T34DCKR","Texas Instruments","3,500","pcs","22+","0.090","in stock",""
"SN74LVC541APW","Texas Instruments","2,100","pcs","22+","0.115","in stock","SN74LVC541APWR"
"LM2903DG","Texas Instruments (National Semiconductor)","2,000","pcs","22+","0.078","in stock","LM2903DGKR"
"BNX024H01L","MURATA","851","pcs","22+","1.337","in stock",""
"TMK105B7224KV-FR","TAIYO YUDEN","6,000","pcs","21+","0.024","in stock",""
"1206X226M250NT","FH","6,000","pcs","21+","0.036","in stock",""
"CY7C1381KV33-133AXI","Cypress Semiconductor","1,440","pcs","21+","23.250","in stock",""
"L-C191KRCT","Para Light","1,160","pcs","21+","0.043","in stock","L-C191KRCT"
"ADM4851ARZ","Analog Devices / Linear Technology","600","pcs","21+","2.940","in stock","ADM4851ARZ-REEL7"
"KSC222J LFS","C&K","4,311","pcs","19+","0.280","in stock","KSC222JLFS"
"NFM21PS106B0J3","MURATA","5,910","pcs","21+","0.093","in stock","NFM21PS106B0J3D"
"L-34 F3C","KINGBRIGHT","3,500","pcs","21+","0.157","in stock",""
"118CL101M100TT","ATC/ KYOCERA AVX","400","pcs","20+","2.31","3 weeks",""
"118DK101M100TT","ATC/ KYOCERA AVX","400","pcs","20+","2.21","3 weeks",""
"TMS320C6678ACYPA","Texas Instruments","300","pcs","22+","291.43","in stock",""
"ECA-1JM222","Panasonic","150","pcs","20+","1.90","3 weeks",""
"AQY212GS","Panasonic","192","pcs","22+","0.66","in stock","AQY212GSX"
"CGB2A1X5R1C474K033BC","TDK","200","pcs","20+","0.10","3 weeks",""
"T491A475K025AT","KEMET","1,000","pcs","20+","0.21","3 weeks",""
"293D105X9035A2TE3","VISHAY","2,000","pcs","21+","0.07","in stock",""
"T491A104K050AT","KEMET","300","pcs","22+","0.21","in stock",""
"T491B476K010AT","KEMET","600","pcs","21+","0.129","in stock",""
"TAJB106K025RNJ","AVX","500","pcs","22+","0.146","in stock",""
"TAJB475K035RNJ","AVX","400","pcs","22+","0.10","in stock",""
"TAJD227K010RNJ","AVX","200","pcs","22+","0.257","in stock",""
"TPSE476K035R0250","AVX","350","pcs","20+","4.29","3 weeks",""
"293D106X9063E2TE3","VISHAY","600","pcs","20+","5.31","3 weeks",""
"TAJA106K016RNJ","AVX","1,000","pcs","21+","0.06","in stock",""
"TAJC476K020RNJ","AVX","800","pcs","21+","0.257","in stock",""
"T491C686K010AT","KEMET","300","pcs","20+","0.65","3 weeks",""
"T491C156K016AT","KEMET","200","pcs","20+","0.65","3 weeks",""
"TAJC336K020RNJ","AVX","500","pcs","21+","0.25","in stock",""
"TAJC107K016RNJ","AVX","300","pcs","21+","0.31","in stock",""
"U.FL-R-SMT-1","HRS","209","pcs","21+","0.10","in stock","U.FL-R-SMT-1(80)"
"MASWSS0180","Macom","1,500","pcs","22+","3.24","in stock","MASWSS0180TR-3000"
"MF-R020","BOURNS","250","pcs","21+","0.09","in stock",""
"IRF540NPBF","Infineon / IR","1,000","pcs","21+","0.17","in stock",""
"XC6SLX25-2FGG484I","XILINX","250","pcs","21+","19.86","in stock",""
"293D475X0016A2TE3","VISHAY","1,000","pcs","20+","0.15","3 weeks",""
"T495B475K010ATE1K3","KEMET","500","pcs","20+","0.77","3 weeks",""
"B82432C1473K000","TDK-EPCOS","6,500","pcs","20+","0.55","3 weeks",""
"CR2512-JW-330ELF","BOURNS","1,000","pcs","20+","0.10","3 weeks",""
"GRM31BR72J332KW01L","MURATA","4,000","pcs","20+","0.21","3 weeks",""
"GRM55DR72E474KW01L","MURATA","15,000","pcs","20+","0.52","3 weeks",""
"GRM55DR72J224KW01L","MURATA","1,000","pcs","21+","0.23","in stock",""
"293D107X0016E2TE3","VISHAY","1,000","pcs","20+","0.94","3 weeks",""
"TAJC226K025RNJ","Kyocera AVX","800","pcs","21+","0.20","in stock",""
"TAJC106K035RNJ","Kyocera AVX","900","pcs","21+","0.20","in stock",""
"AT17LV256-10PU","Microchip / Atmel","250","pcs","20+","13.37","3 weeks",""
"AT89S52-24PU","Microchip / Atmel","250","pcs","21+","1.95","in stock",""
"AD820ARZ","Analog Devices / Linear Technology","1,000","pcs","21+","1.93","in stock","AD820ARZ-REEL7"
"SI2365EDS-T1-GE3","VISHAY","705","pcs","21+","0.40","in stock",""
"XC6SLX150T-3FG676I","XILINX","300","pcs","21+","80.14","in stock","XC6SLX150T-3FGG676I"
"XC6SLX25-3FT256I","XILINX","300","pcs","21+","80.14","in stock","XC6SLX25-3FTG256I"
"CY7C2665KV18-450BZXI","Infineon / Cypress","400","pcs","22+","262.29","in stock",""
"LQW15AN2N7B80D","MURATA","2,000","pcs","20+","0.24","3 weeks",""
"LQW15AN3N3B80D","MURATA","2,000","pcs","21+","0.077","in stock",""
"LQW18AN15NG00D","MURATA","2,000","pcs","21+","0.037","in stock",""
"LQW18AN68NG00D","MURATA","2,000","pcs","20+","0.024","in stock",""
"LQW18AN91NG00D","MURATA","2,000","pcs","20+","0.033","in stock",""
"LQW18ANR10G00D","MURATA","2,000","pcs","21+","0.039","in stock",""
"LQW18ANR12G00D","MURATA","2,000","pcs","21+","0.037","in stock",""
"GRT21BR61E226ME13L","MURATA","12,000","pcs","21+","0.075","in stock",""
"GCM1885C2A101JA16D","MURATA","12,000","pcs","21+","0.01","in stock",""
"GCM1885C2A102J","MURATA","36,000","pcs","22+","0.0114","in stock","GCM1885C2A102JA16D"
"GCM1885C1H103JA16D","MURATA","24,000","pcs","20+","0.02","in stock",""
"NFM21HC222R1H3D","MURATA","3,000","pcs","21+","0.136","in stock",""
"BGA614H6327XTSA1","Infineon Technologies","4,000","pcs","21+","0.30","in stock","BGA614 H6327"
"NLB-400-T1","Qorvo","800","pcs","21+","4.12","in stock",""
"44915-0001","MOLEX","300","pcs","20+","1.89","3 weeks",""
"749196111","Wurth Elektronik","225","pcs","20+","5.67","3 weeks",""
"FTSH-110-01-L-D-RA-K","SAMTEC","300","pcs","20+","6.00","3 weeks",""
"IPL1-105-01-L-D-K","SAMTEC","360","pcs","21+","1.50","in stock",""
"TFC-125-02-L-D-A","SAMTEC","250","pcs","22+","4.95","in stock","TFC-125-02-L-D-A-K-TR"
"TSW-108-07-G-D","SAMTEC","360","pcs","20+","0.90","in stock",""
"SFC-110-T2-L-D-A","SAMTEC","400","pcs","20+","4.457","3 weeks",""
"SFC-125-T2-L-D-A","SAMTEC","250","pcs","20+","8.90","3 weeks","SFC-125-T2-L-D-A-K-TR"
"SSQ-111-01-G-D","SAMTEC","200","pcs","20+","5.67","3 weeks",""
"KPBD-3224SYKCGKC","KINGBRIGHT","550","pcs","21+","0.22","in stock",""
"KPD-3224CGCK","KINGBRIGHT","290","pcs","21+","0.20","in stock",""
"STM32F103VET6","ST","415","pcs","22+","1.53","in stock",""
"THS4031IDGNR","Texas Instruments","830","pcs","20+","7.70","3 weeks",""
"CSD25310Q2","Texas Instruments","415","pcs","21+","0.24","in stock",""
"LMX2572RHA","Texas Instruments (National Semiconductor)","200","pcs","22+","7.36","in stock","LMX2572RHAR"
"SN74LVC2G132DCUR","Texas Instruments","1,000","pcs","21+","0.14","in stock",""
"SN74LVC2G86DCU","Texas Instruments (National Semiconductor)","2,000","pcs","23+","0.21","in stock","SN74LVC2G86DCUR"
"SBB-5089Z","QORVO","1,900","pcs","22+","17.36","in stock",""
"EPC2LI20","Intel / Altera","425","pcs","19+","61.50","in stock","EPC2LI20N"
"19S181-5H0E4","Rosenberger","223","pcs","22+","30.00","in stock",""
"BAV99","NEXPERIA","251,250","pcs","22+","0.0046","in stock",""
"CL21A476MRYNNNE","SAMSUNG","3,800","pcs","20+","0.14","3 weeks",""
"NC7WV17P6X","On Semiconductor","1,500","pcs","20+","0.093","in stock",""
"ISL99227IRZ-T","RENESAS/ INTRTSIL","3,600","pcs","21+","5.30","in stock",""
"VLBU1007090T-R15L","TDK","800","pcs","20+","0.57","in stock",""
"XFL4020-102MEC","COILCRAFT INC","700","pcs","20+","1.69","3 weeks",""
"BAT54SLT1G","On Semiconductor","700","pcs","21+","0.055","in stock",""
"MBR0540","On Semiconductor","900","pcs","22+","0.069","in stock","MBR0540T1G"
"RB751V40T1G","On Semiconductor","600","pcs","21+","0.07","in stock",""
"2N7002-7-F","Diodes Incorporated","2,200","pcs","21+","0.023","in stock",""
"FDV301N","ON Semiconductor / Fairchild","1,300","pcs","22+","0.043","in stock",""
"47053-1000","MOLEX","800","pcs","21+","0.10","in stock",""
"TSM-103-01-L-DV","SAMTEC","900","pcs","22+","0.39","in stock","TSM-103-01-L-DV-TR"
"678008025","MOLEX","800","pcs","20+","1.20","3 weeks","0678008025"
"08055A100DAT2A","KYOCERA AVX","4,000","pcs","20+","0.15","3 weeks",""
"08055A331JAT2A","AVX","4,000","pcs","20+","0.09","3 weeks",""
"SMBJ30A","ST Microelectronics","1,500","pcs","21+","0.14","in stock","SMBJ30A-TR"
"FQD18N20V2TM","ON Semiconductor / Fairchild","5,000","pcs","22+","1.25","in stock",""
"IRF7103PBF","Infineon / IR","5,000","pcs","22+","0.142","in stock","IRF7103TRPBF"
"IRF7380PBF","Infineon / IR","600","pcs","22+","0.47","in stock","IRF7380TRPBF"
"IRFP4710PBF","Infineon / IR","2,000","pcs","22+","10.30","in stock",""
"PMBT5551","Nexperia","3,000","pcs","21+","0.04","in stock","PMBT5551,215"
"1,5KE22A","COMON","2000","pcs","20+","0.24","in stock",""
"1,5KE300A","BRIGHTKING","1,000","pcs","21+","0.13","in stock","1.5KE300A"
"HCPL-0201","Broadcom / Avago","1,630","pcs","22+","1.19","in stock","HCPL-0201-500E"
"HCPL-0710","Broadcom / Avago","2,525","pcs","22+","1.337","in stock","HCPL-0710-500E"
"IRS2113S","Infineon / IR","2,010","pcs","22+","4.71","in stock","IRS2113STRPBF"
"TC1-1-13M+","Mini-Circuits","1,505","pcs","22+","0.456","in stock",""
"1,5KE47A","ST","2,800","pcs","21+","0.19","in stock","1.5KE47A"
"2SK1317","RENESAS/IDT","555","pcs","21+","2.625","in stock","2SK1317-E"
"TPSE477M010R0045","AVX","600","pcs","20+","7.03","3 weeks",""
"74HC4046AD","Nexperia/NXP","9,000","pcs","21+","0.20","in stock",""
"ADE-12","Mini-Circuits","2,000","pcs","21+","8.10","in stock","ADE-12+"
"AT91RM9200-QU-002","ATMEL/ MICROCHIP","3,920","pcs","21+","19.37","1 week",""
"BAS116E6327HTSA1","Infineon / IR","3,000","pcs","21+","0.074","3 weeks",""
"BAV170","Nexperia/NXP","12000 or15000","pcs","23+","0.024","in stock",""
"BAV70","Nexperia/NXP","2,190","pcs","21+","0.022","in stock",""
"BFR93A","Infineon Technologies","6,000","pcs","20+","0.114","in stock","BFR93AE6327"
"BFU590GX","NXP Semiconductors","12,000","pcs","22+","0.60","in stock",""
"BZX84-A6V2","Nexperia/NXP","3,000","pcs","20+","0.129","in stock","BZX84-A6V2,215"
"C8051F330-GM","SILICON LABORATORIES","3,000","pcs","21+","0.87","in stock","C8051F330-GMR"
"IR2153S","Infineon / IR","2500 or5000","pcs","21+","0.83","in stock","IR2153STRPBF"
"IRF7103","Infineon / IR","6,000","pcs","21+","0.15","in stock","IRF7103TRPBF"
"IRF7309","Infineon / IR","15,000","pcs","22+","0.375","in stock","IRF7309TRPBF"
"IRFL9110TRPBF","VISHAY","730","pcs","21+","0.25","in stock",""
"IRFP-260N","Infineon / IR","730","pcs","21+","0.86","in stock","IRFP260NPBF"
"MA4P504-1072T","Macom","3,000","pcs","21+","3.24","in stock",""
"MAAVSS0006","Macom","3,000","pcs","20+","2.21","3 weeks","MAAVSS0006TR-3000"
"MASWSS0180TR","Macom","18,000","pcs","21+","3.237","in stock","MASWSS0180TR-3000"
"MBRS340T3G","On Semiconductor","3,150","pcs","22+","0.86","in stock",""
"MC33161D","On Semiconductor","730","pcs","21+","0.47","in stock","MC33161DR2G"
"MC74AC244DW","On Semiconductor","3,000","pcs","20+","1.00","3 weeks","MC74AC244DWG"
"MC74HC02AD","On Semiconductor","6,000","pcs","21+","0.16","in stock","MC74HC02ADR2G"
"MC78L05ABD","On Semiconductor","3,000","pcs","22+","0.114","in stock","MC78L05ABDR2G"
"MT29F1G08ABBFAH4-ITE:F","MICRON","3,000","pcs","21+","3.68","in stock",""
"MT46H32M16LFBF-5 IT","MICRON","3,000","pcs","21+","2.65","in stock","MT46H32M16LFBF-5 IT:C"
"PIC12C509A-04I/SM","Microchip Technology (Micrel)","1,800","pcs","21+","2.40","in stock",""
"SI7850DP-T1-E3","VISHAY","3,000","pcs","21+","0.59","in stock",""
"SKY72310-11","SKYWORKS","4,500","pcs","21+","4.41","in stock",""
"TFDU4101-TR3","VISHAY","2,000","pcs","22+","2.55","in stock",""
"VS-10BQ030-M3/5BT","VISHAY","6,000","pcs","21+","0.09","in stock",""
"VS-10BQ040-M3/5BT","VISHAY","15,795","pcs","21+","0.064","in stock",""
"VS-30BQ040-M3/9AT","VISHAY","4,535","pcs","22+","0.15","in stock",""
"XC6SLX25-2FGG484I","XILINX","1,000","pcs","21+","19.85","in stock",""
"XC9536XL-10VQ144I","XILINX","1,960","pcs","21+","33.11","in stock","XC9536XL-10VQG44I"
"XCR3256XL-10TQG144I","XILINX","1,345","pcs","22+","33.11","in stock",""
"25LC256-I/P","Microchip","1,960","pcs","22+","1.40","in stock",""
"74HC1G126GW","Nexperia/NXP","2,800","pcs","21+","0.087","in stock","74HC1G126GW,125"
"74LVC1G57GW","Nexperia/NXP","700","pcs","21+","0.093","in stock","74LVC1G57GW,125"
"74LVC2G34GW","Nexperia/NXP","700","pcs","21+","0.077","in stock","74LVC2G34GW,125"
"AD4PS-1+","Mini-Circuits","700","pcs","21+","9.12","in stock",""
"ADE-12MH","Mini-Circuits","1,400","pcs","21+","6.18","in stock","ADE-12MH+"
"ADP-2-1W","Mini-Circuits","700","pcs","21+","4.12","in stock","ADP-2-1W+"
"BAV99W","Nexperia/NXP","1,400","pcs","21+","0.029","in stock","BAV99W,115"
"BC856B","Nexperia/NXP","2,800","pcs","21+","0.025","in stock","BC856B,215"
"BC860B","NEXPERIA","1,400","pcs","20+","0.08","3 weeks","BC860B,215"
"BCP69T1","On Semiconductor","1,400","pcs","21+","0.09","in stock","BCP69T1G"
"BCR108W","Infineon / IR","9,100","pcs","21+","2.93","in stock","BCR108WH6327XTSA1"
"BCR148W","Infineon / IR","7,000","pcs","21+","0.051","in stock","BCR148W H6327"
"BCR521","Infineon / IR","6,300","pcs","22+","1.49","in stock","BCR521E6327"
"BSC600N25NS3 G","Infineon Technologies","5,000","pcs","22+","1.41","in stock","BSC600N25NS3G"
"BZX84-A2V4","NEXPERIA","700","pcs","21+","0.19","in stock","BZX84-A2V4,215"
"C8051F040","SILICON LABORATORIES","700","pcs","22+","6.46","in stock","C8051F040-GQR"
"DBTC-7-152L+","Mini-Circuits","546","pcs","22+","3.24","in stock",""
"ERA-21SM+","Mini-Circuits","1,400","pcs","20+","2.57","3 weeks",""
"ESD0P2RF-02LS","Infineon / IR","700","pcs","20+","0.10","in stock","ESD0P2RF-02LS E6327"
"FAN3223CMPX","ON Semiconductor / Fairchild","500","pcs","20+","1.03","3 weeks",""
"FM25VN10-G","Infineon","700","pcs","20+","15.43","3 weeks",""
"FPF2700MPX","ON Semiconductor / Fairchild","2,800","pcs","22+","1.857","in stock",""
"GP2S1+","Mini-Circuits","700","pcs","22+","0.98","in stock",""
"GVA-63+","Mini-Circuits","2,800","pcs","22+","1.17","in stock",""
"IRF5802PbF","Infineon / IR","5,600","pcs","21+","0.12","in stock","IRF5802TRPBF"
"IRFL214PBF","VISHAY","900","pcs","21+","0.39","in stock","IRFL214TRPBF"
"IRLL2705PBF","Infineon / IR","700","pcs","21+","0.19","in stock","IRLL2705TRPBF"
"IRLML2502PBF","Infineon / IR","51,800","pcs","22+","0.051","in stock","IRLML2502TRPBF"
"IRLML6401GPBF","Infineon / IR","700","pcs","21+","0.069","in stock","IRLML6401TRPBF"
"IRLML6402","Infineon / IR","1,400","pcs","22+","0.063","in stock","IRLML6402TRPBF"
"IRLML6402PBF","Infineon / IR","2,100","pcs","21+","0.056","in stock","IRLML6402TRPBF"
"IRLML6402TRPBF","Infineon / IR","5,600","pcs","21+","0.056","in stock",""
"LM8272MM","TI","700","pcs","22+","1.50","in stock","LM8272MM/NOPB"
"MA4P505-1072T","Macom","1,500","pcs","21+","4.35","in stock",""
"MAX14752EUE","Maxim","1,400","pcs","21+","1.93","in stock","MAX14752EUE+T"
"MC34VR500V1ES","NXP Semiconductors","700","pcs","21+","14.71","in stock",""
"MRFE6VS25GN","NXP Semiconductors","900","pcs","19+","29.43","in stock","MRFE6VS25GNR1"
"NC7WZ14P6X","On Semiconductor","700","pcs","21+","0.065","in stock",""
"PGA-105+","Mini-Circuits","2,800","pcs","21+","1.11","in stock",""
"PMBTA42","NEXPERIA","9,100","pcs","22+","0.02","in stock",""
"PMBTA92","Nexperia/NXP","100,800","pcs","20+","0.020","in stock",""
"PSA4-5043+","Mini-Circuits","2,300","pcs","20+","2.47","3 weeks",""
"SI2305CDS-T1-GE3","VISHAY","2,100","pcs","22+","0.057","in stock",""
"SI53154-A01AGM","Silicon/ Skyworks","700","pcs","22+","2.67","in stock",""
"SMBTA92","Infineon / IR","3000 or 6000","pcs","20+","0.33","3 weeks","SMBTA92E6327HTSA1"
"SS2FL4-M3/H","VISHAY","2,800","pcs","20+","0.20","3 weeks",""
"STM32F407VGT6","ST Microelectronics","700","pcs","22+","2.45","in stock",""
"VSW2-33-10W+","Mini-Circuits","700","pcs","22+","3.24","in stock",""
"XC7K160T-2FBG484I","XILINX","480","pcs","21+","131.14","in stock",""
"IRLML6344TRPBF","Infineon / Cypress","550","pcs","21+","0.143","in stock","IRLML6344TRPBF"
"2661375102","FAIR-RITE","2,640","pcs","20+","0.45","3 weeks",""
"KPD-3224QBC-D","KINGBRIGHT","1,000","pcs","21+","0.24","in stock",""
"OP2177ARZ","Analog Devices","905","pcs","22+","0.75","in stock","OP2177ARZ-REEL7"
"","","","","","","",""
